{"user_type":"individual","email":"puneettewani@gmail.com","user_name":"Puneet Tewani","user_shortname":"Puneet","broker":"ZERODHA","exchanges":["CDS","BSE","NSE","NFO","MF"],"products":["CNC","NRML","MIS","BO","CO"],"order_types":["MARKET","LIMIT","SL","SL-M"],"avatar_url":null,"user_id":"RP7365","api_key":"6zfi2amoxjco04yo","access_token":"s3eoSIH7U7Kj2ErhejYqDtQapYH7EYqI","public_token":"gruT3VCkx9kcspnWvY1YA8kYFN49UvKQ","refresh_token":"","silo":"","login_time":"2021-03-13T03:24:30.000Z","meta":{"demat_consent":"physical"}}