[{"Nifty":{"name":"NIFTY 50","high":15336.3,"low":14953.6,"lastTradePrice":15030.95,"status":"Hold","stoploss":"NULL"},"Reliance":{"name":"RELIANCE","high":2206.4,"low":2123.9,"lastTradePrice":2137.6,"status":"Hold","stoploss":"NULL"},"Sbi":{"name":"SBIN","high":393.2,"low":377.5,"lastTradePrice":381.1,"status":"Hold","stoploss":"NULL"},"Tata":{"name":"TATASTEEL","high":745,"low":714,"lastTradePrice":719.95,"status":"Hold","stoploss":"NULL"},"Radico":{"name":"RADICO","high":587.65,"low":568,"lastTradePrice":572.25,"status":"Hold","stoploss":"NULL"}}]